,accuracy,time,cweights_time,fsubsequence_time,tdataset_time,tclassifier_time,dataset_name,classifier_name,rpoint,nb_per_class,method,len_method
0,0.8629737609329446,2.7351295948028564,0.005009889602661133,0.6681990623474121,1.983471155166626,0.07784724235534668,Chinatown,ACF&PACF: n_random_points=1 nb_inst_per_class=1,1,1,Rsast,ACF&PACF
1,0.8950437317784257,0.07545256614685059,0.00549769401550293,0.001157999038696289,0.0027952194213867188,0.06566047668457031,Chinatown,ACF: n_random_points=1 nb_inst_per_class=1,1,1,Rsast,ACF
2,0.9096209912536443,0.11718010902404785,0.004997730255126953,0.0021779537200927734,0.002360820770263672,0.10730457305908203,Chinatown,PACF: n_random_points=1 nb_inst_per_class=1,1,1,Rsast,PACF
3,0.924198250728863,0.07799077033996582,0.005219697952270508,0.0011737346649169922,0.00014472007751464844,0.07111597061157227,Chinatown,Max ACF: n_random_points=1 nb_inst_per_class=1,1,1,Rsast,Max ACF
4,0.4402332361516035,0.07986569404602051,0.0049822330474853516,0.0019528865814208984,0.008149385452270508,0.06446480751037598,Chinatown,Max PACF: n_random_points=1 nb_inst_per_class=1,1,1,Rsast,Max PACF
5,0.5247813411078717,0.08878636360168457,0.005148887634277344,0.0004508495330810547,0.010506629943847656,0.07212662696838379,Chinatown,None: n_random_points=1 nb_inst_per_class=1,1,1,Rsast,None
6,0.9533527696793003,0.044490814208984375,0.0050351619720458984,0.03070855140686035,0.006448030471801758,0.0019507408142089844,Chinatown,ACF&PACF: n_random_points=1 nb_inst_per_class=10,1,10,Rsast,ACF&PACF
7,0.9650145772594753,0.03837227821350098,0.008274555206298828,0.022024154663085938,0.002198934555053711,0.005370140075683594,Chinatown,ACF: n_random_points=1 nb_inst_per_class=10,1,10,Rsast,ACF
8,0.9475218658892128,0.06982970237731934,0.009444713592529297,0.045052289962768555,0.00626683235168457,0.008665800094604492,Chinatown,PACF: n_random_points=1 nb_inst_per_class=10,1,10,Rsast,PACF
9,0.9620991253644315,0.05477023124694824,0.005616188049316406,0.01965808868408203,0.019879579544067383,0.00830841064453125,Chinatown,Max ACF: n_random_points=1 nb_inst_per_class=10,1,10,Rsast,Max ACF
10,0.8950437317784257,0.060332536697387695,0.010407209396362305,0.03217124938964844,0.002077817916870117,0.01466512680053711,Chinatown,Max PACF: n_random_points=1 nb_inst_per_class=10,1,10,Rsast,Max PACF
11,0.9096209912536443,0.06309986114501953,0.012252092361450195,0.0027527809143066406,0.021181344985961914,0.02370476722717285,Chinatown,None: n_random_points=1 nb_inst_per_class=10,1,10,Rsast,None
12,0.924198250728863,0.09255194664001465,0.008943557739257812,0.04527783393859863,0.006478071212768555,0.031197309494018555,Chinatown,ACF&PACF: n_random_points=1 nb_inst_per_class=30,1,30,Rsast,ACF&PACF
13,0.9504373177842566,0.04840230941772461,0.012332439422607422,0.0165708065032959,0.015806913375854492,0.0019812583923339844,Chinatown,ACF: n_random_points=1 nb_inst_per_class=30,1,30,Rsast,ACF
14,0.956268221574344,0.06309342384338379,0.005914926528930664,0.023993730545043945,0.01307821273803711,0.01961803436279297,Chinatown,PACF: n_random_points=1 nb_inst_per_class=30,1,30,Rsast,PACF
15,0.9650145772594753,0.051563262939453125,0.009220361709594727,0.009582042694091797,0.029831886291503906,0.0023903846740722656,Chinatown,Max ACF: n_random_points=1 nb_inst_per_class=30,1,30,Rsast,Max ACF
16,0.9650145772594753,0.04241633415222168,0.005563974380493164,0.032013654708862305,0.0020971298217773438,0.002272367477416992,Chinatown,Max PACF: n_random_points=1 nb_inst_per_class=30,1,30,Rsast,Max PACF
17,0.9504373177842566,0.040220022201538086,0.011098146438598633,0.0026824474334716797,0.016766071319580078,0.008169889450073242,Chinatown,None: n_random_points=1 nb_inst_per_class=30,1,30,Rsast,None
18,0.9591836734693877,0.06633663177490234,0.011933326721191406,0.03661465644836426,0.006479740142822266,0.010913372039794922,Chinatown,ACF&PACF: n_random_points=1 nb_inst_per_class=50,1,50,Rsast,ACF&PACF
19,0.8862973760932945,0.035211801528930664,0.005103111267089844,0.016996145248413086,0.010067224502563477,0.0017056465148925781,Chinatown,ACF: n_random_points=1 nb_inst_per_class=50,1,50,Rsast,ACF
20,0.9591836734693877,0.04514789581298828,0.00966334342956543,0.025342702865600586,0.006959438323974609,0.0017938613891601562,Chinatown,PACF: n_random_points=1 nb_inst_per_class=50,1,50,Rsast,PACF
21,0.9620991253644315,0.06751441955566406,0.01537466049194336,0.015393972396850586,0.027093887329101562,0.006758213043212891,Chinatown,Max ACF: n_random_points=1 nb_inst_per_class=50,1,50,Rsast,Max ACF
22,0.9300291545189504,0.056355953216552734,0.008852005004882812,0.024448156356811523,0.005876302719116211,0.016761064529418945,Chinatown,Max PACF: n_random_points=1 nb_inst_per_class=50,1,50,Rsast,Max PACF
23,0.9708454810495627,0.04875063896179199,0.021566390991210938,0.0027344226837158203,0.011484861373901367,0.012400627136230469,Chinatown,None: n_random_points=1 nb_inst_per_class=50,1,50,Rsast,None
24,0.9591836734693877,0.07046627998352051,0.01538991928100586,0.03704380989074707,0.006509065628051758,0.009954690933227539,Chinatown,ACF&PACF: n_random_points=1 nb_inst_per_class=1000,1,1000,Rsast,ACF&PACF
25,0.9795918367346939,0.06080269813537598,0.016257762908935547,0.014991283416748047,0.0015859603881835938,0.0228424072265625,Chinatown,ACF: n_random_points=1 nb_inst_per_class=1000,1,1000,Rsast,ACF
26,0.9533527696793003,0.06729865074157715,0.01431894302368164,0.03292512893676758,0.009589433670043945,0.008100748062133789,Chinatown,PACF: n_random_points=1 nb_inst_per_class=1000,1,1000,Rsast,PACF
27,0.967930029154519,0.08157491683959961,0.005437374114990234,0.016974449157714844,0.038125038146972656,0.0204470157623291,Chinatown,Max ACF: n_random_points=1 nb_inst_per_class=1000,1,1000,Rsast,Max ACF
28,0.8425655976676385,0.06287574768066406,0.013131380081176758,0.02654433250427246,0.011189460754394531,0.002694845199584961,Chinatown,Max PACF: n_random_points=1 nb_inst_per_class=1000,1,1000,Rsast,Max PACF
29,0.9037900874635568,0.032471656799316406,0.004931926727294922,0.002970457077026367,0.010232210159301758,0.013968706130981445,Chinatown,None: n_random_points=1 nb_inst_per_class=1000,1,1000,Rsast,None
30,0.9475218658892128,0.0641622543334961,0.012747764587402344,0.036624908447265625,0.0064013004302978516,0.00803232192993164,Chinatown,ACF&PACF: n_random_points=1 nb_inst_per_class=10000,1,10000,Rsast,ACF&PACF
31,0.8892128279883382,0.08186697959899902,0.006759166717529297,0.01553964614868164,0.041414499282836914,0.01652216911315918,Chinatown,ACF: n_random_points=1 nb_inst_per_class=10000,1,10000,Rsast,ACF
32,0.9329446064139941,0.06634807586669922,0.005390644073486328,0.03865361213684082,0.006155729293823242,0.015522956848144531,Chinatown,PACF: n_random_points=1 nb_inst_per_class=10000,1,10000,Rsast,PACF
33,0.8775510204081632,0.05678391456604004,0.00495147705078125,0.010320186614990234,0.037062883377075195,0.004050016403198242,Chinatown,Max ACF: n_random_points=1 nb_inst_per_class=10000,1,10000,Rsast,Max ACF
34,0.8483965014577259,0.03250312805175781,0.0073184967041015625,0.020420312881469727,0.0024957656860351562,0.0018763542175292969,Chinatown,Max PACF: n_random_points=1 nb_inst_per_class=10000,1,10000,Rsast,Max PACF
35,0.9737609329446064,0.04922986030578613,0.004926204681396484,0.010993480682373047,0.027395009994506836,0.004564762115478516,Chinatown,None: n_random_points=1 nb_inst_per_class=10000,1,10000,Rsast,None
36,0.9300291545189504,0.04717612266540527,0.011619329452514648,0.007756710052490234,0.02529740333557129,0.0018110275268554688,Chinatown,ACF&PACF: n_random_points=10 nb_inst_per_class=1,10,1,Rsast,ACF&PACF
37,0.9446064139941691,0.18431711196899414,0.025337696075439453,0.0012469291687011719,0.00978708267211914,0.14575910568237305,Chinatown,ACF: n_random_points=10 nb_inst_per_class=1,10,1,Rsast,ACF
38,0.9737609329446064,0.015311956405639648,0.005180835723876953,0.002914905548095703,0.005215644836425781,0.0016570091247558594,Chinatown,PACF: n_random_points=10 nb_inst_per_class=1,10,1,Rsast,PACF
39,0.9766763848396501,0.15184998512268066,0.009400129318237305,0.0013992786407470703,0.012719392776489258,0.12795281410217285,Chinatown,Max ACF: n_random_points=10 nb_inst_per_class=1,10,1,Rsast,Max ACF
40,0.9504373177842566,0.012196063995361328,0.0048980712890625,0.0021126270294189453,0.0031883716583251953,0.0016541481018066406,Chinatown,Max PACF: n_random_points=10 nb_inst_per_class=1,10,1,Rsast,Max PACF
41,0.8892128279883382,0.11046600341796875,0.004902362823486328,0.0005297660827636719,0.004440784454345703,0.10024523735046387,Chinatown,None: n_random_points=10 nb_inst_per_class=1,10,1,Rsast,None
42,0.9854227405247813,0.10453128814697266,0.004929304122924805,0.0334780216217041,0.06398153305053711,0.0017919540405273438,Chinatown,ACF&PACF: n_random_points=10 nb_inst_per_class=10,10,10,Rsast,ACF&PACF
43,0.9825072886297376,0.0400080680847168,0.005104541778564453,0.010838985443115234,0.019632816314697266,0.002418041229248047,Chinatown,ACF: n_random_points=10 nb_inst_per_class=10,10,10,Rsast,ACF
44,0.9825072886297376,0.13190436363220215,0.020504236221313477,0.03383803367614746,0.06042766571044922,0.015661954879760742,Chinatown,PACF: n_random_points=10 nb_inst_per_class=10,10,10,Rsast,PACF
45,0.9737609329446064,0.05463719367980957,0.004910707473754883,0.01388406753540039,0.024477243423461914,0.010705947875976562,Chinatown,Max ACF: n_random_points=10 nb_inst_per_class=10,10,10,Rsast,Max ACF
46,0.9825072886297376,0.08861541748046875,0.015886783599853516,0.029608726501464844,0.03708791732788086,0.0047206878662109375,Chinatown,Max PACF: n_random_points=10 nb_inst_per_class=10,10,10,Rsast,Max PACF
47,0.9825072886297376,0.08013391494750977,0.01566481590270996,0.008666753768920898,0.02787327766418457,0.019359111785888672,Chinatown,None: n_random_points=10 nb_inst_per_class=10,10,10,Rsast,None
48,0.9766763848396501,0.14396905899047852,0.0323481559753418,0.04185128211975098,0.06212592124938965,0.006268501281738281,Chinatown,ACF&PACF: n_random_points=10 nb_inst_per_class=30,10,30,Rsast,ACF&PACF
49,0.967930029154519,0.06817770004272461,0.004898548126220703,0.011411190032958984,0.037830352783203125,0.013587236404418945,Chinatown,ACF: n_random_points=10 nb_inst_per_class=30,10,30,Rsast,ACF
50,0.9854227405247813,0.13655996322631836,0.004841804504394531,0.03162384033203125,0.08432388305664062,0.015348434448242188,Chinatown,PACF: n_random_points=10 nb_inst_per_class=30,10,30,Rsast,PACF
51,0.9620991253644315,0.0579683780670166,0.004862308502197266,0.019138336181640625,0.015789508819580078,0.0167386531829834,Chinatown,Max ACF: n_random_points=10 nb_inst_per_class=30,10,30,Rsast,Max ACF
52,0.9825072886297376,0.0819082260131836,0.0059108734130859375,0.024511098861694336,0.02599954605102539,0.023463010787963867,Chinatown,Max PACF: n_random_points=10 nb_inst_per_class=30,10,30,Rsast,Max PACF
53,0.9650145772594753,0.06592130661010742,0.02208709716796875,0.01320028305053711,0.016900300979614258,0.012039422988891602,Chinatown,None: n_random_points=10 nb_inst_per_class=30,10,30,Rsast,None
54,0.9825072886297376,0.12985968589782715,0.005615234375,0.0422368049621582,0.06401681900024414,0.0077664852142333984,Chinatown,ACF&PACF: n_random_points=10 nb_inst_per_class=50,10,50,Rsast,ACF&PACF
55,0.9795918367346939,0.07178139686584473,0.005226850509643555,0.023610591888427734,0.03933358192443848,0.0031464099884033203,Chinatown,ACF: n_random_points=10 nb_inst_per_class=50,10,50,Rsast,ACF
56,0.9854227405247813,0.10373878479003906,0.004942655563354492,0.03374600410461426,0.06284451484680176,0.0017883777618408203,Chinatown,PACF: n_random_points=10 nb_inst_per_class=50,10,50,Rsast,PACF
57,0.9620991253644315,0.06901407241821289,0.006137847900390625,0.011728048324584961,0.03505086898803711,0.015630006790161133,Chinatown,Max ACF: n_random_points=10 nb_inst_per_class=50,10,50,Rsast,Max ACF
58,0.9795918367346939,0.09007835388183594,0.0066106319427490234,0.025293827056884766,0.0411982536315918,0.008472204208374023,Chinatown,Max PACF: n_random_points=10 nb_inst_per_class=50,10,50,Rsast,Max PACF
59,0.9650145772594753,0.049465179443359375,0.008637428283691406,0.005276203155517578,0.030289888381958008,0.0038785934448242188,Chinatown,None: n_random_points=10 nb_inst_per_class=50,10,50,Rsast,None
60,0.9825072886297376,0.12967324256896973,0.004910945892333984,0.04892873764038086,0.06290102005004883,0.012298822402954102,Chinatown,ACF&PACF: n_random_points=10 nb_inst_per_class=1000,10,1000,Rsast,ACF&PACF
61,0.9475218658892128,0.08473062515258789,0.014969348907470703,0.015404462814331055,0.04950284957885742,0.004385948181152344,Chinatown,ACF: n_random_points=10 nb_inst_per_class=1000,10,1000,Rsast,ACF
62,0.9766763848396501,0.12956452369689941,0.011663198471069336,0.030713558197021484,0.07850289344787598,0.0073490142822265625,Chinatown,PACF: n_random_points=10 nb_inst_per_class=1000,10,1000,Rsast,PACF
63,0.9795918367346939,0.07799267768859863,0.020483016967773438,0.01674342155456543,0.020177364349365234,0.018926382064819336,Chinatown,Max ACF: n_random_points=10 nb_inst_per_class=1000,10,1000,Rsast,Max ACF
64,0.9854227405247813,0.07366132736206055,0.013310670852661133,0.026244163513183594,0.019562721252441406,0.012935876846313477,Chinatown,Max PACF: n_random_points=10 nb_inst_per_class=1000,10,1000,Rsast,Max PACF
65,0.9795918367346939,0.08435916900634766,0.015183448791503906,0.013652563095092773,0.04707002639770508,0.007878780364990234,Chinatown,None: n_random_points=10 nb_inst_per_class=1000,10,1000,Rsast,None
66,0.9795918367346939,0.12138223648071289,0.0057108402252197266,0.03398013114929199,0.07330679893493652,0.007039546966552734,Chinatown,ACF&PACF: n_random_points=10 nb_inst_per_class=10000,10,10000,Rsast,ACF&PACF
67,0.9825072886297376,0.07048177719116211,0.013102531433105469,0.01286625862121582,0.04078197479248047,0.0020754337310791016,Chinatown,ACF: n_random_points=10 nb_inst_per_class=10000,10,10000,Rsast,ACF
68,0.9795918367346939,0.11758160591125488,0.004831790924072266,0.03486037254333496,0.07515573501586914,0.002307891845703125,Chinatown,PACF: n_random_points=10 nb_inst_per_class=10000,10,10000,Rsast,PACF
69,0.967930029154519,0.0490570068359375,0.0052661895751953125,0.01071476936340332,0.023275136947631836,0.008438825607299805,Chinatown,Max ACF: n_random_points=10 nb_inst_per_class=10000,10,10000,Rsast,Max ACF
70,0.9795918367346939,0.08997893333435059,0.01611018180847168,0.026810884475708008,0.03890180587768555,0.006735086441040039,Chinatown,Max PACF: n_random_points=10 nb_inst_per_class=10000,10,10000,Rsast,Max PACF
71,0.9533527696793003,0.041086435317993164,0.0051097869873046875,0.004414558410644531,0.028425931930541992,0.0017862319946289062,Chinatown,None: n_random_points=10 nb_inst_per_class=10000,10,10000,Rsast,None
72,0.9475218658892128,0.05910515785217285,0.004891395568847656,0.0042040348052978516,0.047878265380859375,0.0017161369323730469,Chinatown,ACF&PACF: n_random_points=30 nb_inst_per_class=1,30,1,Rsast,ACF&PACF
73,0.7696793002915452,0.05276036262512207,0.0050885677337646484,0.0015842914581298828,0.033982276916503906,0.011701822280883789,Chinatown,ACF: n_random_points=30 nb_inst_per_class=1,30,1,Rsast,ACF
74,0.9533527696793003,0.04550671577453613,0.006793498992919922,0.002988576889038086,0.03183245658874512,0.0022530555725097656,Chinatown,PACF: n_random_points=30 nb_inst_per_class=1,30,1,Rsast,PACF
75,0.8688046647230321,0.13611054420471191,0.012312650680541992,0.0011425018310546875,0.0157778263092041,0.10219407081604004,Chinatown,Max ACF: n_random_points=30 nb_inst_per_class=1,30,1,Rsast,Max ACF
76,0.9358600583090378,0.013344526290893555,0.0048563480377197266,0.002229452133178711,0.0035746097564697266,0.0023200511932373047,Chinatown,Max PACF: n_random_points=30 nb_inst_per_class=1,30,1,Rsast,Max PACF
77,0.9212827988338192,0.06344127655029297,0.006112337112426758,0.000865936279296875,0.04800748825073242,0.007987260818481445,Chinatown,None: n_random_points=30 nb_inst_per_class=1,30,1,Rsast,None
78,0.9825072886297376,0.20443940162658691,0.01164102554321289,0.0377960205078125,0.1383962631225586,0.016160011291503906,Chinatown,ACF&PACF: n_random_points=30 nb_inst_per_class=10,30,10,Rsast,ACF&PACF
79,0.956268221574344,0.10029888153076172,0.004956960678100586,0.011716604232788086,0.06245756149291992,0.013067245483398438,Chinatown,ACF: n_random_points=30 nb_inst_per_class=10,30,10,Rsast,ACF
80,0.9825072886297376,0.17212510108947754,0.011473417282104492,0.03247666358947754,0.12221312522888184,0.0052661895751953125,Chinatown,PACF: n_random_points=30 nb_inst_per_class=10,30,10,Rsast,PACF
81,0.9620991253644315,0.0548703670501709,0.00492095947265625,0.011211395263671875,0.03511452674865723,0.0031061172485351562,Chinatown,Max ACF: n_random_points=30 nb_inst_per_class=10,30,10,Rsast,Max ACF
82,0.9854227405247813,0.1091611385345459,0.007031679153442383,0.03238630294799805,0.04683256149291992,0.022478342056274414,Chinatown,Max PACF: n_random_points=30 nb_inst_per_class=10,30,10,Rsast,Max PACF
83,0.9766763848396501,0.0618743896484375,0.004865884780883789,0.014405250549316406,0.03497004508972168,0.007214069366455078,Chinatown,None: n_random_points=30 nb_inst_per_class=10,30,10,Rsast,None
84,0.9825072886297376,0.19989848136901855,0.008760929107666016,0.04744911193847656,0.11957430839538574,0.02243518829345703,Chinatown,ACF&PACF: n_random_points=30 nb_inst_per_class=30,30,30,Rsast,ACF&PACF
85,0.9795918367346939,0.09115839004516602,0.005706071853637695,0.016225576400756836,0.03825831413269043,0.02808237075805664,Chinatown,ACF: n_random_points=30 nb_inst_per_class=30,30,30,Rsast,ACF
86,0.9825072886297376,0.19299030303955078,0.02187323570251465,0.034334659576416016,0.123321533203125,0.012776374816894531,Chinatown,PACF: n_random_points=30 nb_inst_per_class=30,30,30,Rsast,PACF
87,0.9825072886297376,0.05078721046447754,0.004952430725097656,0.012082576751708984,0.03063201904296875,0.0017573833465576172,Chinatown,Max ACF: n_random_points=30 nb_inst_per_class=30,30,30,Rsast,Max ACF
88,0.9854227405247813,0.08159613609313965,0.005420207977294922,0.022045135498046875,0.03399825096130371,0.019720792770385742,Chinatown,Max PACF: n_random_points=30 nb_inst_per_class=30,30,30,Rsast,Max PACF
89,0.9795918367346939,0.07334327697753906,0.0068132877349853516,0.005037069320678711,0.05432724952697754,0.0017402172088623047,Chinatown,None: n_random_points=30 nb_inst_per_class=30,30,30,Rsast,None
90,0.9825072886297376,0.19488883018493652,0.005060672760009766,0.03566908836364746,0.12099242210388184,0.027274608612060547,Chinatown,ACF&PACF: n_random_points=30 nb_inst_per_class=50,30,50,Rsast,ACF&PACF
91,0.9533527696793003,0.07879829406738281,0.005406856536865234,0.018697738647460938,0.04627537727355957,0.006512641906738281,Chinatown,ACF: n_random_points=30 nb_inst_per_class=50,30,50,Rsast,ACF
92,0.9825072886297376,0.16776442527770996,0.014560222625732422,0.03691744804382324,0.10457801818847656,0.010022163391113281,Chinatown,PACF: n_random_points=30 nb_inst_per_class=50,30,50,Rsast,PACF
93,0.9737609329446064,0.0440673828125,0.00510716438293457,0.011405706405639648,0.024383068084716797,0.0024929046630859375,Chinatown,Max ACF: n_random_points=30 nb_inst_per_class=50,30,50,Rsast,Max ACF
94,0.9854227405247813,0.09445571899414062,0.022983551025390625,0.03190279006958008,0.028033971786499023,0.009933233261108398,Chinatown,Max PACF: n_random_points=30 nb_inst_per_class=50,30,50,Rsast,Max PACF
95,0.9795918367346939,0.06830048561096191,0.014615774154663086,0.005131244659423828,0.03414344787597656,0.013956785202026367,Chinatown,None: n_random_points=30 nb_inst_per_class=50,30,50,Rsast,None
96,0.9825072886297376,0.19186139106750488,0.005032062530517578,0.04320549964904785,0.12344169616699219,0.012975692749023438,Chinatown,ACF&PACF: n_random_points=30 nb_inst_per_class=1000,30,1000,Rsast,ACF&PACF
97,0.9650145772594753,0.04381823539733887,0.004971981048583984,0.011772632598876953,0.0247347354888916,0.0018336772918701172,Chinatown,ACF: n_random_points=30 nb_inst_per_class=1000,30,1000,Rsast,ACF
98,0.9825072886297376,0.19713759422302246,0.010800838470458984,0.033632755279541016,0.12116169929504395,0.024307966232299805,Chinatown,PACF: n_random_points=30 nb_inst_per_class=1000,30,1000,Rsast,PACF
99,0.9737609329446064,0.07253432273864746,0.004924297332763672,0.01250314712524414,0.04360055923461914,0.010988950729370117,Chinatown,Max ACF: n_random_points=30 nb_inst_per_class=1000,30,1000,Rsast,Max ACF
100,0.9854227405247813,0.08681082725524902,0.004875898361206055,0.021069049835205078,0.04246258735656738,0.01799321174621582,Chinatown,Max PACF: n_random_points=30 nb_inst_per_class=1000,30,1000,Rsast,Max PACF
101,0.9737609329446064,0.053732872009277344,0.018339872360229492,0.004837512969970703,0.015179634094238281,0.013777494430541992,Chinatown,None: n_random_points=30 nb_inst_per_class=1000,30,1000,Rsast,None
102,0.9825072886297376,0.19606280326843262,0.017907142639160156,0.043630123138427734,0.10406851768493652,0.028840065002441406,Chinatown,ACF&PACF: n_random_points=30 nb_inst_per_class=10000,30,10000,Rsast,ACF&PACF
103,0.9766763848396501,0.09099221229553223,0.0053560733795166016,0.0181887149810791,0.025976896286010742,0.04024958610534668,Chinatown,ACF: n_random_points=30 nb_inst_per_class=10000,30,10000,Rsast,ACF
104,0.9825072886297376,0.16910290718078613,0.004869222640991211,0.04321694374084473,0.11012458801269531,0.009290456771850586,Chinatown,PACF: n_random_points=30 nb_inst_per_class=10000,30,10000,Rsast,PACF
105,0.967930029154519,0.0867612361907959,0.01903247833251953,0.017070531845092773,0.035088300704956055,0.002630949020385742,Chinatown,Max ACF: n_random_points=30 nb_inst_per_class=10000,30,10000,Rsast,Max ACF
106,0.9854227405247813,0.09713482856750488,0.0052182674407958984,0.025367259979248047,0.051154375076293945,0.014988899230957031,Chinatown,Max PACF: n_random_points=30 nb_inst_per_class=10000,30,10000,Rsast,Max PACF
107,0.956268221574344,0.07140016555786133,0.01233363151550293,0.0052738189697265625,0.043717384338378906,0.009633541107177734,Chinatown,None: n_random_points=30 nb_inst_per_class=10000,30,10000,Rsast,None
108,0.9387755102040817,0.05792593955993652,0.013534784317016602,0.00954294204711914,0.020578384399414062,0.01264810562133789,Chinatown,ACF&PACF: n_random_points=50 nb_inst_per_class=1,50,1,Rsast,ACF&PACF
109,0.9650145772594753,0.1855449676513672,0.015334367752075195,0.0013642311096191406,0.016904830932617188,0.1491069793701172,Chinatown,ACF: n_random_points=50 nb_inst_per_class=1,50,1,Rsast,ACF
110,0.8833819241982507,0.019756555557250977,0.00539398193359375,0.003485441207885742,0.008807659149169922,0.001708984375,Chinatown,PACF: n_random_points=50 nb_inst_per_class=1,50,1,Rsast,PACF
111,0.9591836734693877,0.12470865249633789,0.011432409286499023,0.001214742660522461,0.00552058219909668,0.10489797592163086,Chinatown,Max ACF: n_random_points=50 nb_inst_per_class=1,50,1,Rsast,Max ACF
112,0.9533527696793003,0.01292109489440918,0.005746364593505859,0.0023040771484375,0.0027196407318115234,0.0016598701477050781,Chinatown,Max PACF: n_random_points=50 nb_inst_per_class=1,50,1,Rsast,Max PACF
113,0.9125364431486881,0.12446975708007812,0.005440473556518555,0.0005731582641601562,0.007973432540893555,0.11011219024658203,Chinatown,None: n_random_points=50 nb_inst_per_class=1,50,1,Rsast,None
114,0.9825072886297376,0.15126252174377441,0.004961729049682617,0.0368189811706543,0.10709929466247559,0.0018777847290039062,Chinatown,ACF&PACF: n_random_points=50 nb_inst_per_class=10,50,10,Rsast,ACF&PACF
115,0.9795918367346939,0.10448288917541504,0.009274005889892578,0.019379377365112305,0.06718873977661133,0.007980108261108398,Chinatown,ACF: n_random_points=50 nb_inst_per_class=10,50,10,Rsast,ACF
116,0.9825072886297376,0.19350767135620117,0.004899263381958008,0.042337656021118164,0.13622522354125977,0.009514093399047852,Chinatown,PACF: n_random_points=50 nb_inst_per_class=10,50,10,Rsast,PACF
117,0.9737609329446064,0.07888078689575195,0.009964227676391602,0.016588926315307617,0.048169612884521484,0.002379894256591797,Chinatown,Max ACF: n_random_points=50 nb_inst_per_class=10,50,10,Rsast,Max ACF
118,0.9854227405247813,0.09748959541320801,0.016773223876953125,0.044539690017700195,0.027622699737548828,0.007262706756591797,Chinatown,Max PACF: n_random_points=50 nb_inst_per_class=10,50,10,Rsast,Max PACF
119,0.9620991253644315,0.0714113712310791,0.022736072540283203,0.013097763061523438,0.027737855911254883,0.006228208541870117,Chinatown,None: n_random_points=50 nb_inst_per_class=10,50,10,Rsast,None
120,0.9825072886297376,0.16374468803405762,0.00492548942565918,0.04504036903381348,0.10321235656738281,0.010130167007446289,Chinatown,ACF&PACF: n_random_points=50 nb_inst_per_class=30,50,30,Rsast,ACF&PACF
121,0.9737609329446064,0.044937849044799805,0.004888057708740234,0.01348114013671875,0.02288532257080078,0.003200531005859375,Chinatown,ACF: n_random_points=50 nb_inst_per_class=30,50,30,Rsast,ACF
122,0.9825072886297376,0.16492867469787598,0.004933595657348633,0.0322268009185791,0.11856293678283691,0.008778810501098633,Chinatown,PACF: n_random_points=50 nb_inst_per_class=30,50,30,Rsast,PACF
123,0.9591836734693877,0.08693718910217285,0.007444143295288086,0.014487266540527344,0.05544328689575195,0.0081634521484375,Chinatown,Max ACF: n_random_points=50 nb_inst_per_class=30,50,30,Rsast,Max ACF
124,0.9854227405247813,0.12449479103088379,0.005572795867919922,0.02675008773803711,0.06676054000854492,0.019904136657714844,Chinatown,Max PACF: n_random_points=50 nb_inst_per_class=30,50,30,Rsast,Max PACF
125,0.967930029154519,0.08254218101501465,0.010472297668457031,0.004292011260986328,0.05449223518371582,0.011662960052490234,Chinatown,None: n_random_points=50 nb_inst_per_class=30,50,30,Rsast,None
126,0.9825072886297376,0.18956637382507324,0.00511479377746582,0.04489493370056152,0.12799668312072754,0.010972023010253906,Chinatown,ACF&PACF: n_random_points=50 nb_inst_per_class=50,50,50,Rsast,ACF&PACF
127,0.9708454810495627,0.07431840896606445,0.008305788040161133,0.01906561851501465,0.04182291030883789,0.003538846969604492,Chinatown,ACF: n_random_points=50 nb_inst_per_class=50,50,50,Rsast,ACF
128,0.9825072886297376,0.1734466552734375,0.004828929901123047,0.05068802833557129,0.10626840591430664,0.010231971740722656,Chinatown,PACF: n_random_points=50 nb_inst_per_class=50,50,50,Rsast,PACF
129,0.967930029154519,0.09332156181335449,0.015523433685302734,0.04162001609802246,0.03232312202453613,0.0021686553955078125,Chinatown,Max ACF: n_random_points=50 nb_inst_per_class=50,50,50,Rsast,Max ACF
130,0.9854227405247813,0.0902259349822998,0.017618894577026367,0.034056901931762695,0.03189706802368164,0.005137205123901367,Chinatown,Max PACF: n_random_points=50 nb_inst_per_class=50,50,50,Rsast,Max PACF
131,0.9737609329446064,0.07816004753112793,0.013490915298461914,0.015169382095336914,0.02640247344970703,0.021452903747558594,Chinatown,None: n_random_points=50 nb_inst_per_class=50,50,50,Rsast,None
132,0.9825072886297376,0.18707585334777832,0.018767833709716797,0.05648207664489746,0.10551309585571289,0.004298210144042969,Chinatown,ACF&PACF: n_random_points=50 nb_inst_per_class=1000,50,1000,Rsast,ACF&PACF
133,0.9708454810495627,0.04951620101928711,0.00525355339050293,0.013244152069091797,0.026391983032226562,0.0029604434967041016,Chinatown,ACF: n_random_points=50 nb_inst_per_class=1000,50,1000,Rsast,ACF
134,0.9825072886297376,0.1637115478515625,0.012076854705810547,0.038640499114990234,0.1029050350189209,0.009193658828735352,Chinatown,PACF: n_random_points=50 nb_inst_per_class=1000,50,1000,Rsast,PACF
135,0.9650145772594753,0.07570099830627441,0.0049648284912109375,0.011557340621948242,0.03835487365722656,0.02031421661376953,Chinatown,Max ACF: n_random_points=50 nb_inst_per_class=1000,50,1000,Rsast,Max ACF
136,0.9854227405247813,0.0925130844116211,0.01260066032409668,0.042197465896606445,0.026583194732666016,0.009505271911621094,Chinatown,Max PACF: n_random_points=50 nb_inst_per_class=1000,50,1000,Rsast,Max PACF
137,0.9650145772594753,0.06423687934875488,0.0049250125885009766,0.011100053787231445,0.03733634948730469,0.010432958602905273,Chinatown,None: n_random_points=50 nb_inst_per_class=1000,50,1000,Rsast,None
138,0.9825072886297376,0.20906925201416016,0.008769989013671875,0.050513505935668945,0.1267256736755371,0.022258281707763672,Chinatown,ACF&PACF: n_random_points=50 nb_inst_per_class=10000,50,10000,Rsast,ACF&PACF
139,0.956268221574344,0.08692359924316406,0.005105733871459961,0.01719808578491211,0.055985450744628906,0.006717681884765625,Chinatown,ACF: n_random_points=50 nb_inst_per_class=10000,50,10000,Rsast,ACF
140,0.9825072886297376,0.18066167831420898,0.011727571487426758,0.04323911666870117,0.10654973983764648,0.010163068771362305,Chinatown,PACF: n_random_points=50 nb_inst_per_class=10000,50,10000,Rsast,PACF
141,0.9591836734693877,0.07331657409667969,0.005326271057128906,0.021214008331298828,0.027991533279418945,0.017069339752197266,Chinatown,Max ACF: n_random_points=50 nb_inst_per_class=10000,50,10000,Rsast,Max ACF
142,0.9854227405247813,0.09724831581115723,0.015961647033691406,0.030001163482666016,0.027190208435058594,0.02245163917541504,Chinatown,Max PACF: n_random_points=50 nb_inst_per_class=10000,50,10000,Rsast,Max PACF
143,0.967930029154519,0.10321807861328125,0.017263174057006836,0.01062154769897461,0.060098886489868164,0.01456761360168457,Chinatown,None: n_random_points=50 nb_inst_per_class=10000,50,10000,Rsast,None
144,0.9212827988338192,0.06206798553466797,0.004797935485839844,0.01586747169494629,0.035134077072143555,0.004949092864990234,Chinatown,ACF&PACF: n_random_points=100 nb_inst_per_class=1,100,1,Rsast,ACF&PACF
145,0.7667638483965015,0.03672218322753906,0.006460666656494141,0.00127410888671875,0.00976705551147461,0.01750326156616211,Chinatown,ACF: n_random_points=100 nb_inst_per_class=1,100,1,Rsast,ACF
146,0.9620991253644315,0.046425819396972656,0.0058062076568603516,0.004106283187866211,0.01889824867248535,0.016582727432250977,Chinatown,PACF: n_random_points=100 nb_inst_per_class=1,100,1,Rsast,PACF
147,0.9766763848396501,0.045135498046875,0.014733314514160156,0.0013241767883300781,0.011058568954467773,0.016643047332763672,Chinatown,Max ACF: n_random_points=100 nb_inst_per_class=1,100,1,Rsast,Max ACF
148,0.9504373177842566,0.06322431564331055,0.013491392135620117,0.003057241439819336,0.017462968826293945,0.027977466583251953,Chinatown,Max PACF: n_random_points=100 nb_inst_per_class=1,100,1,Rsast,Max PACF
149,0.9475218658892128,0.03769636154174805,0.008482694625854492,0.0006618499755859375,0.007858991622924805,0.019402742385864258,Chinatown,None: n_random_points=100 nb_inst_per_class=1,100,1,Rsast,None
150,0.9825072886297376,0.16799092292785645,0.009291887283325195,0.04686450958251953,0.10395407676696777,0.006655216217041016,Chinatown,ACF&PACF: n_random_points=100 nb_inst_per_class=10,100,10,Rsast,ACF&PACF
151,0.9766763848396501,0.061614274978637695,0.005074024200439453,0.012530088424682617,0.041678667068481445,0.0017833709716796875,Chinatown,ACF: n_random_points=100 nb_inst_per_class=10,100,10,Rsast,ACF
152,0.9825072886297376,0.14990639686584473,0.010024309158325195,0.03647255897521973,0.10045599937438965,0.002020597457885742,Chinatown,PACF: n_random_points=100 nb_inst_per_class=10,100,10,Rsast,PACF
153,0.9620991253644315,0.08551239967346191,0.0048482418060302734,0.022956132888793945,0.040791988372802734,0.016405582427978516,Chinatown,Max ACF: n_random_points=100 nb_inst_per_class=10,100,10,Rsast,Max ACF
154,0.9854227405247813,0.08696985244750977,0.006415367126464844,0.026648283004760742,0.05069470405578613,0.0025663375854492188,Chinatown,Max PACF: n_random_points=100 nb_inst_per_class=10,100,10,Rsast,Max PACF
155,0.967930029154519,0.08863067626953125,0.008784294128417969,0.00529170036315918,0.05315256118774414,0.020949363708496094,Chinatown,None: n_random_points=100 nb_inst_per_class=10,100,10,Rsast,None
156,0.9825072886297376,0.18434906005859375,0.01686382293701172,0.04556107521057129,0.11910128593444824,0.0022988319396972656,Chinatown,ACF&PACF: n_random_points=100 nb_inst_per_class=30,100,30,Rsast,ACF&PACF
157,0.9737609329446064,0.06549525260925293,0.006921529769897461,0.01027679443359375,0.03823423385620117,0.009554624557495117,Chinatown,ACF: n_random_points=100 nb_inst_per_class=30,100,30,Rsast,ACF
158,0.9825072886297376,0.16205239295959473,0.005143165588378906,0.03233456611633301,0.12172770500183105,0.0018558502197265625,Chinatown,PACF: n_random_points=100 nb_inst_per_class=30,100,30,Rsast,PACF
159,0.9854227405247813,0.06365156173706055,0.005044460296630859,0.013015270233154297,0.039162397384643555,0.005720853805541992,Chinatown,Max ACF: n_random_points=100 nb_inst_per_class=30,100,30,Rsast,Max ACF
160,0.9854227405247813,0.08089423179626465,0.005538225173950195,0.02093195915222168,0.03788399696350098,0.016117095947265625,Chinatown,Max PACF: n_random_points=100 nb_inst_per_class=30,100,30,Rsast,Max PACF
161,0.9795918367346939,0.06889081001281738,0.012076854705810547,0.00682830810546875,0.024618864059448242,0.01772165298461914,Chinatown,None: n_random_points=100 nb_inst_per_class=30,100,30,Rsast,None
162,0.9825072886297376,0.18962359428405762,0.006384849548339844,0.06597733497619629,0.10709619522094727,0.00854635238647461,Chinatown,ACF&PACF: n_random_points=100 nb_inst_per_class=50,100,50,Rsast,ACF&PACF
163,0.9766763848396501,0.06816387176513672,0.021381139755249023,0.013904571533203125,0.01433706283569336,0.016364097595214844,Chinatown,ACF: n_random_points=100 nb_inst_per_class=50,100,50,Rsast,ACF
164,0.9825072886297376,0.22674226760864258,0.031397342681884766,0.06075882911682129,0.12375760078430176,0.010289669036865234,Chinatown,PACF: n_random_points=100 nb_inst_per_class=50,100,50,Rsast,PACF
165,0.9708454810495627,0.07314538955688477,0.01310586929321289,0.012981653213500977,0.04161643981933594,0.004045963287353516,Chinatown,Max ACF: n_random_points=100 nb_inst_per_class=50,100,50,Rsast,Max ACF
166,0.9854227405247813,0.11490869522094727,0.005137205123901367,0.052721261978149414,0.0273287296295166,0.02853989601135254,Chinatown,Max PACF: n_random_points=100 nb_inst_per_class=50,100,50,Rsast,Max PACF
167,0.967930029154519,0.10406708717346191,0.004934072494506836,0.02708148956298828,0.050969600677490234,0.0195157527923584,Chinatown,None: n_random_points=100 nb_inst_per_class=50,100,50,Rsast,None
168,0.9825072886297376,0.1837303638458252,0.011811494827270508,0.04159402847290039,0.1047055721282959,0.019066333770751953,Chinatown,ACF&PACF: n_random_points=100 nb_inst_per_class=1000,100,1000,Rsast,ACF&PACF
169,0.9475218658892128,0.08214259147644043,0.004983663558959961,0.028849363327026367,0.03650093078613281,0.0020744800567626953,Chinatown,ACF: n_random_points=100 nb_inst_per_class=1000,100,1000,Rsast,ACF
170,0.9825072886297376,0.21497821807861328,0.023033618927001953,0.0645451545715332,0.11772775650024414,0.009080171585083008,Chinatown,PACF: n_random_points=100 nb_inst_per_class=1000,100,1000,Rsast,PACF
171,0.967930029154519,0.09146595001220703,0.018243074417114258,0.021129608154296875,0.03315925598144531,0.01706862449645996,Chinatown,Max ACF: n_random_points=100 nb_inst_per_class=1000,100,1000,Rsast,Max ACF
172,0.9854227405247813,0.10418224334716797,0.009171009063720703,0.0219876766204834,0.049736976623535156,0.0161592960357666,Chinatown,Max PACF: n_random_points=100 nb_inst_per_class=1000,100,1000,Rsast,Max PACF
173,0.9533527696793003,0.08006548881530762,0.016574621200561523,0.005128145217895508,0.037543296813964844,0.019763946533203125,Chinatown,None: n_random_points=100 nb_inst_per_class=1000,100,1000,Rsast,None
174,0.9825072886297376,0.16687321662902832,0.004907846450805664,0.03854227066040039,0.10065793991088867,0.022106409072875977,Chinatown,ACF&PACF: n_random_points=100 nb_inst_per_class=10000,100,10000,Rsast,ACF&PACF
175,0.967930029154519,0.09625768661499023,0.006330966949462891,0.022095441818237305,0.050840139389038086,0.016476869583129883,Chinatown,ACF: n_random_points=100 nb_inst_per_class=10000,100,10000,Rsast,ACF
176,0.9825072886297376,0.16926312446594238,0.014364957809448242,0.04248690605163574,0.10565686225891113,0.00514674186706543,Chinatown,PACF: n_random_points=100 nb_inst_per_class=10000,100,10000,Rsast,PACF
177,0.9737609329446064,0.11095285415649414,0.01302337646484375,0.029660463333129883,0.04081130027770996,0.025705814361572266,Chinatown,Max ACF: n_random_points=100 nb_inst_per_class=10000,100,10000,Rsast,Max ACF
178,0.9854227405247813,0.11124944686889648,0.008240699768066406,0.04079723358154297,0.039278268814086914,0.021423816680908203,Chinatown,Max PACF: n_random_points=100 nb_inst_per_class=10000,100,10000,Rsast,Max PACF
179,0.9795918367346939,0.08864283561706543,0.0067408084869384766,0.030044078826904297,0.04446101188659668,0.006994009017944336,Chinatown,None: n_random_points=100 nb_inst_per_class=10000,100,10000,Rsast,None
180,0.956268221574344,0.06367897987365723,0.009804964065551758,0.004790306091308594,0.034740447998046875,0.012630462646484375,Chinatown,ACF&PACF: n_random_points=1000 nb_inst_per_class=1,1000,1,Rsast,ACF&PACF
181,0.7288629737609329,0.03690457344055176,0.00632023811340332,0.0018203258514404297,0.012095451354980469,0.015146970748901367,Chinatown,ACF: n_random_points=1000 nb_inst_per_class=1,1000,1,Rsast,ACF
182,0.9300291545189504,0.061060190200805664,0.007934093475341797,0.00407099723815918,0.031055212020874023,0.01727294921875,Chinatown,PACF: n_random_points=1000 nb_inst_per_class=1,1000,1,Rsast,PACF
183,0.9096209912536443,0.0270538330078125,0.019669294357299805,0.0013415813446044922,0.002664804458618164,0.0019121170043945312,Chinatown,Max ACF: n_random_points=1000 nb_inst_per_class=1,1000,1,Rsast,Max ACF
184,0.9300291545189504,0.05424690246582031,0.01100468635559082,0.003485441207885742,0.03293108940124512,0.0064275264739990234,Chinatown,Max PACF: n_random_points=1000 nb_inst_per_class=1,1000,1,Rsast,Max PACF
185,0.9446064139941691,0.16695928573608398,0.006157398223876953,0.0005395412445068359,0.010927915573120117,0.14885830879211426,Chinatown,None: n_random_points=1000 nb_inst_per_class=1,1000,1,Rsast,None
186,0.9825072886297376,0.16826415061950684,0.005338430404663086,0.04162192344665527,0.10197901725769043,0.018694639205932617,Chinatown,ACF&PACF: n_random_points=1000 nb_inst_per_class=10,1000,10,Rsast,ACF&PACF
187,0.9708454810495627,0.07455706596374512,0.0057981014251708984,0.018458127975463867,0.04621434211730957,0.0035352706909179688,Chinatown,ACF: n_random_points=1000 nb_inst_per_class=10,1000,10,Rsast,ACF
188,0.9825072886297376,0.20378732681274414,0.014376640319824219,0.05843067169189453,0.10799360275268555,0.022490262985229492,Chinatown,PACF: n_random_points=1000 nb_inst_per_class=10,1000,10,Rsast,PACF
189,0.9825072886297376,0.0686638355255127,0.006276369094848633,0.02563166618347168,0.028301715850830078,0.004988908767700195,Chinatown,Max ACF: n_random_points=1000 nb_inst_per_class=10,1000,10,Rsast,Max ACF
190,0.9854227405247813,0.10138893127441406,0.023878097534179688,0.04728817939758301,0.027570009231567383,0.002145528793334961,Chinatown,Max PACF: n_random_points=1000 nb_inst_per_class=10,1000,10,Rsast,Max PACF
191,0.9766763848396501,0.050867557525634766,0.008566617965698242,0.012929916381835938,0.021988868713378906,0.006913185119628906,Chinatown,None: n_random_points=1000 nb_inst_per_class=10,1000,10,Rsast,None
192,0.9825072886297376,0.17611241340637207,0.009858846664428711,0.046167612075805664,0.11667728424072266,0.0022263526916503906,Chinatown,ACF&PACF: n_random_points=1000 nb_inst_per_class=30,1000,30,Rsast,ACF&PACF
193,0.9883381924198251,0.0609440803527832,0.009006261825561523,0.01277470588684082,0.032590627670288086,0.00484776496887207,Chinatown,ACF: n_random_points=1000 nb_inst_per_class=30,1000,30,Rsast,ACF
194,0.9825072886297376,0.15201854705810547,0.007226705551147461,0.03999900817871094,0.1021430492401123,0.0020372867584228516,Chinatown,PACF: n_random_points=1000 nb_inst_per_class=30,1000,30,Rsast,PACF
195,0.9766763848396501,0.07777929306030273,0.009663581848144531,0.01796126365661621,0.04260563850402832,0.0070154666900634766,Chinatown,Max ACF: n_random_points=1000 nb_inst_per_class=30,1000,30,Rsast,Max ACF
196,0.9854227405247813,0.10607647895812988,0.014160871505737305,0.035803794860839844,0.04814887046813965,0.0075566768646240234,Chinatown,Max PACF: n_random_points=1000 nb_inst_per_class=30,1000,30,Rsast,Max PACF
197,0.9708454810495627,0.07024765014648438,0.005398750305175781,0.0050203800201416016,0.05623435974121094,0.003106355667114258,Chinatown,None: n_random_points=1000 nb_inst_per_class=30,1000,30,Rsast,None
198,0.9825072886297376,0.19103455543518066,0.017367124557495117,0.03642725944519043,0.12080001831054688,0.01596522331237793,Chinatown,ACF&PACF: n_random_points=1000 nb_inst_per_class=50,1000,50,Rsast,ACF&PACF
199,0.9766763848396501,0.08668732643127441,0.03327035903930664,0.019136428833007812,0.03066849708557129,0.003096342086791992,Chinatown,ACF: n_random_points=1000 nb_inst_per_class=50,1000,50,Rsast,ACF
200,0.9825072886297376,0.1742720603942871,0.007367134094238281,0.03604888916015625,0.11451911926269531,0.015832901000976562,Chinatown,PACF: n_random_points=1000 nb_inst_per_class=50,1000,50,Rsast,PACF
201,0.9795918367346939,0.06485605239868164,0.005354166030883789,0.01547694206237793,0.038675785064697266,0.0035338401794433594,Chinatown,Max ACF: n_random_points=1000 nb_inst_per_class=50,1000,50,Rsast,Max ACF
202,0.9854227405247813,0.09019875526428223,0.005377769470214844,0.02508258819580078,0.05576801300048828,0.0023376941680908203,Chinatown,Max PACF: n_random_points=1000 nb_inst_per_class=50,1000,50,Rsast,Max PACF
203,0.9795918367346939,0.056175947189331055,0.005049228668212891,0.011622905731201172,0.02980518341064453,0.009283065795898438,Chinatown,None: n_random_points=1000 nb_inst_per_class=50,1000,50,Rsast,None
204,0.9825072886297376,0.17594027519226074,0.009790420532226562,0.05564689636230469,0.10613512992858887,0.002209901809692383,Chinatown,ACF&PACF: n_random_points=1000 nb_inst_per_class=1000,1000,1000,Rsast,ACF&PACF
205,0.967930029154519,0.09020686149597168,0.01281118392944336,0.014893054962158203,0.05257534980773926,0.008228063583374023,Chinatown,ACF: n_random_points=1000 nb_inst_per_class=1000,1000,1000,Rsast,ACF
206,0.9825072886297376,0.18128061294555664,0.012947797775268555,0.033524513244628906,0.11850643157958984,0.008809566497802734,Chinatown,PACF: n_random_points=1000 nb_inst_per_class=1000,1000,1000,Rsast,PACF
207,0.9795918367346939,0.0813131332397461,0.013452529907226562,0.015371561050415039,0.029346227645874023,0.022600889205932617,Chinatown,Max ACF: n_random_points=1000 nb_inst_per_class=1000,1000,1000,Rsast,Max ACF
208,0.9854227405247813,0.09237790107727051,0.020588159561157227,0.024974346160888672,0.02968144416809082,0.015589475631713867,Chinatown,Max PACF: n_random_points=1000 nb_inst_per_class=1000,1000,1000,Rsast,Max PACF
209,0.9825072886297376,0.11289477348327637,0.022919416427612305,0.03181028366088867,0.0241696834564209,0.033432722091674805,Chinatown,None: n_random_points=1000 nb_inst_per_class=1000,1000,1000,Rsast,None
210,0.9825072886297376,0.16225218772888184,0.007337808609008789,0.044269561767578125,0.10420656204223633,0.005383729934692383,Chinatown,ACF&PACF: n_random_points=1000 nb_inst_per_class=10000,1000,10000,Rsast,ACF&PACF
211,0.9708454810495627,0.08695054054260254,0.012594938278198242,0.016182422637939453,0.03041386604309082,0.02719259262084961,Chinatown,ACF: n_random_points=1000 nb_inst_per_class=10000,1000,10000,Rsast,ACF
212,0.9825072886297376,0.16611647605895996,0.013704776763916016,0.035858869552612305,0.10557365417480469,0.009809494018554688,Chinatown,PACF: n_random_points=1000 nb_inst_per_class=10000,1000,10000,Rsast,PACF
213,0.9329446064139941,0.1029655933380127,0.012988567352294922,0.016472339630126953,0.07104825973510742,0.001718759536743164,Chinatown,Max ACF: n_random_points=1000 nb_inst_per_class=10000,1000,10000,Rsast,Max ACF
214,0.9854227405247813,0.07490277290344238,0.009743452072143555,0.027873754501342773,0.029973268508911133,0.0068912506103515625,Chinatown,Max PACF: n_random_points=1000 nb_inst_per_class=10000,1000,10000,Rsast,Max PACF
215,0.9766763848396501,0.07047080993652344,0.015630006790161133,0.004356861114501953,0.018242359161376953,0.03183460235595703,Chinatown,None: n_random_points=1000 nb_inst_per_class=10000,1000,10000,Rsast,None
216,0.8629737609329446,0.06560754776000977,0.015537500381469727,0.0048465728759765625,0.027957439422607422,0.015987396240234375,Chinatown,ACF&PACF: n_random_points=10000 nb_inst_per_class=1,10000,1,Rsast,ACF&PACF
217,0.892128279883382,0.026212453842163086,0.011281251907348633,0.0013537406921386719,0.008562326431274414,0.003493785858154297,Chinatown,ACF: n_random_points=10000 nb_inst_per_class=1,10000,1,Rsast,ACF
218,0.9737609329446064,0.0754551887512207,0.014688253402709961,0.011625051498413086,0.03933119773864746,0.008435964584350586,Chinatown,PACF: n_random_points=10000 nb_inst_per_class=1,10000,1,Rsast,PACF
219,0.9650145772594753,0.17171478271484375,0.010612249374389648,0.001251220703125,0.022516727447509766,0.13696503639221191,Chinatown,Max ACF: n_random_points=10000 nb_inst_per_class=1,10000,1,Rsast,Max ACF
220,0.9387755102040817,0.014070510864257812,0.004903078079223633,0.0022957324981689453,0.0048503875732421875,0.0016639232635498047,Chinatown,Max PACF: n_random_points=10000 nb_inst_per_class=1,10000,1,Rsast,Max PACF
221,0.8629737609329446,0.02516341209411621,0.005017995834350586,0.0010259151458740234,0.012069940567016602,0.006617546081542969,Chinatown,None: n_random_points=10000 nb_inst_per_class=1,10000,1,Rsast,None
222,0.9825072886297376,0.16430068016052246,0.0050525665283203125,0.04848194122314453,0.10738420486450195,0.002115488052368164,Chinatown,ACF&PACF: n_random_points=10000 nb_inst_per_class=10,10000,10,Rsast,ACF&PACF
223,0.9795918367346939,0.05690741539001465,0.0048639774322509766,0.011223793029785156,0.03826785087585449,0.002000570297241211,Chinatown,ACF: n_random_points=10000 nb_inst_per_class=10,10000,10,Rsast,ACF
224,0.9825072886297376,0.15767693519592285,0.0048711299896240234,0.029508113861083984,0.10742497444152832,0.015179157257080078,Chinatown,PACF: n_random_points=10000 nb_inst_per_class=10,10000,10,Rsast,PACF
225,0.9650145772594753,0.0840599536895752,0.02316761016845703,0.01138448715209961,0.04162883758544922,0.005956172943115234,Chinatown,Max ACF: n_random_points=10000 nb_inst_per_class=10,10000,10,Rsast,Max ACF
226,0.9854227405247813,0.09557771682739258,0.012684345245361328,0.02851724624633789,0.032036542892456055,0.015921354293823242,Chinatown,Max PACF: n_random_points=10000 nb_inst_per_class=10,10000,10,Rsast,Max PACF
227,0.9737609329446064,0.07398486137390137,0.02001476287841797,0.008983373641967773,0.02911233901977539,0.014221429824829102,Chinatown,None: n_random_points=10000 nb_inst_per_class=10,10000,10,Rsast,None
228,0.9825072886297376,0.1766974925994873,0.013379335403442383,0.049745798110961914,0.10319709777832031,0.008768558502197266,Chinatown,ACF&PACF: n_random_points=10000 nb_inst_per_class=30,10000,30,Rsast,ACF&PACF
229,0.9708454810495627,0.09872555732727051,0.005179405212402344,0.012153863906860352,0.04405474662780762,0.024628162384033203,Chinatown,ACF: n_random_points=10000 nb_inst_per_class=30,10000,30,Rsast,ACF
230,0.9825072886297376,0.1855332851409912,0.010726690292358398,0.06301593780517578,0.10547733306884766,0.005659580230712891,Chinatown,PACF: n_random_points=10000 nb_inst_per_class=30,10000,30,Rsast,PACF
231,0.9854227405247813,0.0535736083984375,0.0049037933349609375,0.013568639755249023,0.03289318084716797,0.0017027854919433594,Chinatown,Max ACF: n_random_points=10000 nb_inst_per_class=30,10000,30,Rsast,Max ACF
232,0.9854227405247813,0.08692264556884766,0.014295101165771484,0.03263092041015625,0.03169560432434082,0.007881879806518555,Chinatown,Max PACF: n_random_points=10000 nb_inst_per_class=30,10000,30,Rsast,Max PACF
233,0.9533527696793003,0.06321215629577637,0.015546083450317383,0.004922389984130859,0.03174400329589844,0.009826898574829102,Chinatown,None: n_random_points=10000 nb_inst_per_class=30,10000,30,Rsast,None
234,0.9825072886297376,0.1915755271911621,0.013499736785888672,0.03591108322143555,0.12393522262573242,0.016524553298950195,Chinatown,ACF&PACF: n_random_points=10000 nb_inst_per_class=50,10000,50,Rsast,ACF&PACF
235,0.9795918367346939,0.06721329689025879,0.004766941070556641,0.025888681411743164,0.026172161102294922,0.008631706237792969,Chinatown,ACF: n_random_points=10000 nb_inst_per_class=50,10000,50,Rsast,ACF
236,0.9825072886297376,0.1916522979736328,0.018681049346923828,0.047814130783081055,0.10712528228759766,0.01642918586730957,Chinatown,PACF: n_random_points=10000 nb_inst_per_class=50,10000,50,Rsast,PACF
237,0.9854227405247813,0.07132935523986816,0.02024555206298828,0.018090009689331055,0.025853633880615234,0.005186796188354492,Chinatown,Max ACF: n_random_points=10000 nb_inst_per_class=50,10000,50,Rsast,Max ACF
238,0.9854227405247813,0.10205483436584473,0.013723134994506836,0.03013443946838379,0.0369875431060791,0.018987655639648438,Chinatown,Max PACF: n_random_points=10000 nb_inst_per_class=50,10000,50,Rsast,Max PACF
239,0.9650145772594753,0.10524439811706543,0.018370389938354492,0.012499570846557617,0.06488895416259766,0.009020566940307617,Chinatown,None: n_random_points=10000 nb_inst_per_class=50,10000,50,Rsast,None
240,0.9825072886297376,0.1668682098388672,0.008227348327636719,0.03909730911254883,0.10391116142272949,0.014293193817138672,Chinatown,ACF&PACF: n_random_points=10000 nb_inst_per_class=1000,10000,1000,Rsast,ACF&PACF
241,0.967930029154519,0.08391213417053223,0.00496673583984375,0.019685029983520508,0.04849696159362793,0.010206222534179688,Chinatown,ACF: n_random_points=10000 nb_inst_per_class=1000,10000,1000,Rsast,ACF
242,0.9825072886297376,0.16964221000671387,0.00602269172668457,0.03288078308105469,0.11332011222839355,0.015836000442504883,Chinatown,PACF: n_random_points=10000 nb_inst_per_class=1000,10000,1000,Rsast,PACF
243,0.9737609329446064,0.08678793907165527,0.0055768489837646484,0.017824411392211914,0.05004239082336426,0.012637615203857422,Chinatown,Max ACF: n_random_points=10000 nb_inst_per_class=1000,10000,1000,Rsast,Max ACF
244,0.9854227405247813,0.09923553466796875,0.007256269454956055,0.05192112922668457,0.029970169067382812,0.009588956832885742,Chinatown,Max PACF: n_random_points=10000 nb_inst_per_class=1000,10000,1000,Rsast,Max PACF
245,0.9620991253644315,0.09110474586486816,0.02012920379638672,0.005722761154174805,0.03956770896911621,0.0232846736907959,Chinatown,None: n_random_points=10000 nb_inst_per_class=1000,10000,1000,Rsast,None
246,0.9825072886297376,0.1727585792541504,0.021457910537719727,0.04279804229736328,0.10461902618408203,0.0023679733276367188,Chinatown,ACF&PACF: n_random_points=10000 nb_inst_per_class=10000,10000,10000,Rsast,ACF&PACF
247,0.9620991253644315,0.07472348213195801,0.011818170547485352,0.013642311096191406,0.035501718521118164,0.012846946716308594,Chinatown,ACF: n_random_points=10000 nb_inst_per_class=10000,10000,10000,Rsast,ACF
248,0.9825072886297376,0.18179059028625488,0.010430574417114258,0.033731937408447266,0.11870360374450684,0.011727333068847656,Chinatown,PACF: n_random_points=10000 nb_inst_per_class=10000,10000,10000,Rsast,PACF
249,0.9620991253644315,0.09073853492736816,0.012534618377685547,0.021286487579345703,0.047499656677246094,0.007044076919555664,Chinatown,Max ACF: n_random_points=10000 nb_inst_per_class=10000,10000,10000,Rsast,Max ACF
250,0.9854227405247813,0.11944890022277832,0.009905099868774414,0.04787731170654297,0.04382920265197754,0.01738429069519043,Chinatown,Max PACF: n_random_points=10000 nb_inst_per_class=10000,10000,10000,Rsast,Max PACF
251,0.9737609329446064,0.07245254516601562,0.011984825134277344,0.009961128234863281,0.0416111946105957,0.00844717025756836,Chinatown,None: n_random_points=10000 nb_inst_per_class=10000,10000,10000,Rsast,None
